Код;Сумма;Статус;Конечная дата действия
JGW9zrVDhdGt55h3eGYlN4BsHO2kAXpW;20.00 грн.;Просроченный;2014-01-01 17:41:00
PSpeGuHtzRoGonksdV5sm2vhaF8COU72;20.00 грн.;Просроченный;2014-01-01 17:41:00
3U4kFzcuB4XyKsktoSh8dWDvnzluqG94;20.00 грн.;Просроченный;2014-01-01 17:41:00
6eAlcyml0zn26Y6R2AsTvBwSkzKlo1SR;20.00 грн.;Просроченный;2014-01-01 17:41:00
36VFWcuaY6WsaiGEKMjfBkNhWJ9PjxbP;20.00 грн.;Просроченный;2014-01-01 17:41:00
Jz72YREcog7zccCfcd2z510ykiH92dkl;20.00 грн.;Просроченный;2014-01-01 17:41:00
7GPs2v8QWrZVnHaAwWr7eEEzP2KsRo4p;20.00 грн.;Просроченный;2014-01-01 17:41:00
BfcnQLNsVLocOlyPXojVALh5zuUBhaid;20.00 грн.;Просроченный;2014-01-01 17:41:00
n4WNcQal4lRsWOX6Js2WrIubGFxtB3jc;20.00 грн.;Просроченный;2014-01-01 17:41:00
CLxk350CFdunXwXSdvbjr4RLjNVg2fQv;20.00 грн.;Просроченный;2014-01-01 17:41:00
